"Module","Family"
"AllPayAuction.lean","F6-Mechanism"
"ApproximateNash.lean","F4-Equilibrium"
"Auction.lean","F6-Mechanism"
"Bargaining.lean","F1/F8-CoreMeta"
"BayesianGame.lean","F1/F8-CoreMeta"
"BestResponse.lean","F5-Dynamics"
"BestResponseDynamics.lean","F5-Dynamics"
"BestResponseExistence.lean","F5-Dynamics"
"CoalitionalGame.lean","F1/F8-CoreMeta"
"CommonKnowledge.lean","F8-Meta"
"CongestionGame.lean","F1/F8-CoreMeta"
"ConstantSum.lean","F7-Value"
"ConstantSumNash.lean","F4-Equilibrium"
"CorrelatedEqProperties.lean","F4-Equilibrium"
"CorrelatedNashMixed.lean","F4-Equilibrium"
"DominanceNash.lean","F4-Equilibrium"
"DominanceRelations.lean","F5-Dynamics"
"DominanceSolvability.lean","F5-Dynamics"
"DominanceSolvable.lean","F5-Dynamics"
"EFG_NFG.lean","F2-Bridge"
"EFG_Proto.lean","F2-Bridge"
"EFG_Sequential.lean","F2-Bridge"
"EFG.lean","F1/F8-CoreMeta"
"EFGExamples.lean","F1/F8-CoreMeta"
"EFGKuhn.lean","F3-Trace"
"EFGKuhnFull.lean","F3-Trace"
"EFGRefinements.lean","F8-Meta"
"EUProperties.lean","F1/F8-CoreMeta"
"EvolutionaryStability.lean","F4-Equilibrium"
"GameForm.lean","F2-Bridge"
"GameIsomorphism.lean","F1/F8-CoreMeta"
"GameMorphism.lean","F1/F8-CoreMeta"
"GameProperties.lean","F1/F8-CoreMeta"
"IndividualRationality.lean","F6-Mechanism"
"KernelGame.lean","F1/F8-CoreMeta"
"MAID_EFG.lean","F2-Bridge"
"MAID_Proto.lean","F2-Bridge"
"MAID_Sequential.lean","F2-Bridge"
"MAID.lean","F1/F8-CoreMeta"
"MAIDExamples.lean","F1/F8-CoreMeta"
"Matching.lean","F6-Mechanism"
"MechanismDesign.lean","F6-Mechanism"
"Minimax.lean","F7-Value"
"MinimaxTheorem.lean","F7-Value"
"MixedSupport.lean","F4-Equilibrium"
"NashCorrelatedEq.lean","F4-Equilibrium"
"NashExistence.lean","F4-Equilibrium"
"NashExistenceMixed.lean","F4-Equilibrium"
"NashPareto.lean","F4-Equilibrium"
"NashProperties.lean","F4-Equilibrium"
"NFG_EFG.lean","F2-Bridge"
"NFG_Proto.lean","F2-Bridge"
"NFG.lean","F1/F8-CoreMeta"
"NFGExamples.lean","F1/F8-CoreMeta"
"OfEUProperties.lean","F1/F8-CoreMeta"
"OneShotDeviation.lean","F3-Trace"
"ParetoOptimal.lean","F7-Value"
"PotentialFIP.lean","F5-Dynamics"
"PotentialGame.lean","F5-Dynamics"
"PotentialTeam.lean","F5-Dynamics"
"PotentialWellFounded.lean","F5-Dynamics"
"PrefPreorderProperties.lean","F1/F8-CoreMeta"
"PriceOfAnarchy.lean","F7-Value"
"ProductSimplexBrouwer.lean","F8-Meta"
"ProtoKuhn.lean","F3-Trace"
"ProtoODP.lean","F3-Trace"
"ProtoSPE.lean","F3-Trace"
"ProtoZermelo.lean","F3-Trace"
"PublicGoods.lean","F6-Mechanism"
"Rationalizability.lean","F4-Equilibrium"
"Regret.lean","F5-Dynamics"
"RepeatedGame.lean","F1/F8-CoreMeta"
"RevelationPrinciple.lean","F6-Mechanism"
"SecurityStrategy.lean","F4-Equilibrium"
"SeqProto.lean","F3-Trace"
"SequentialForm.lean","F2-Bridge"
"SequentialODP.lean","F2-Bridge"
"SequentialZermelo.lean","F2-Bridge"
"SocialChoice.lean","F6-Mechanism"
"SolutionConcepts.lean","F4-Equilibrium"
"Stackelberg.lean","F4-Equilibrium"
"StochasticGame.lean","F1/F8-CoreMeta"
"StrictDominance.lean","F5-Dynamics"
"StrictNashProperties.lean","F4-Equilibrium"
"SymmetricGame.lean","F8-Meta"
"TeamGame.lean","F7-Value"
"TeamGameNash.lean","F4-Equilibrium"
"TraceKernelGame.lean","F1/F8-CoreMeta"
"TwoPlayerGame.lean","F1/F8-CoreMeta"
"VCG.lean","F6-Mechanism"
"VickreyAuction.lean","F6-Mechanism"
"WelfareTheorems.lean","F7-Value"
"Zermelo.lean","F3-Trace"
"ZeroSum.lean","F7-Value"
"ZeroSumNash.lean","F4-Equilibrium"
